Source,Target,Type,Industry
455183416,Analyser økonomiske data,Undirected,Olje og gass
455183416, Automatisering,Undirected,Olje og gass
455183416, Budsjettarbeid,Undirected,Olje og gass
455183416, Controlling,Undirected,Olje og gass
455183416, Prognoser,Undirected,Olje og gass
455183416, Rapportering,Undirected,Olje og gass
455105673,Bygge datadashboard,Undirected,Bank
455105673, Dataanalyseverktøy,Undirected,Bank
455105673, Koordinere prosjekter og forbedringsaktiviteter for IT - løsninger,Undirected,Bank
455105673, Microsoft Excel,Undirected,Bank
455105673, Prosessanalyse,Undirected,Bank
454757099,Budsjettarbeid,Undirected,Olje og gass
454757099, Finansanalyse,Undirected,Olje og gass
454757099, Microsoft Office,Undirected,Olje og gass
454757099, Power BI,Undirected,Olje og gass
454757099, Prognoser,Undirected,Olje og gass
454757099, Rapportering,Undirected,Olje og gass
454757099, SAP S/4HANA,Undirected,Olje og gass
453920727,Agile Scrum,Undirected,IT
453920727, Databanksystemforståelse,Undirected,IT
453920727, IT Infrastructure Library (ITIL),Undirected,IT
453920727, Prince 2 prosjektledelse metodikk,Undirected,IT
453920727, Prosjektstyringsmetodikk,Undirected,IT
453920727, Python (dataprogrammering),Undirected,IT
453920727, SQL,Undirected,IT
454087012,Microsoft Excel,Undirected,Industri og produksjon
454087012, Microsoft Power Point 2011,Undirected,Industri og produksjon
454087012, Rapportering,Undirected,Industri og produksjon
454087012, Risikostyring,Undirected,Industri og produksjon
453620912,Analysere data,Undirected,Bank
453620912, Lage prediktive modeller,Undirected,Bank
453620912, Maskinlæringsmetoder,Undirected,Bank
453620912, Prognoser,Undirected,Bank
453620912, Python (dataprogrammering),Undirected,Bank
453620912, SQL,Undirected,Bank
453620912, Statistisk modellering,Undirected,Bank
453567955,Corporate Finance,Undirected,Bank
453567955, Finansanalyse,Undirected,Bank
453567955, Mergers & Acquisitions (M&A),Undirected,Bank
453567955, Modellering (økonomi),Undirected,Bank
453567955, Norsk,Undirected,Bank
453567955, Teknikker for virksomhetsverdsetting,Undirected,Bank
453560423,Analysere data,Undirected,Bank
453560423, Bokføring,Undirected,Bank
453560423, Controlling,Undirected,Bank
453560423, ERP-systemer,Undirected,Bank
453560423, Microsoft Excel,Undirected,Bank
453560423, Norsk,Undirected,Bank
453560423, Prognoser,Undirected,Bank
453560423, Rapportering,Undirected,Bank
453452310,Due Diligence,Undirected,Konsulent og rådgivning
453452310, Forretningsstrategiplaner,Undirected,Konsulent og rådgivning
453452310, Håndtere fusjoner og oppkjøp,Undirected,Konsulent og rådgivning
453452310, Markedsanalyse,Undirected,Konsulent og rådgivning
453452310, Prosjekteringsledelse,Undirected,Konsulent og rådgivning
453411049,Behov og kravsanalyse,Undirected,Bank
453411049, Planlegge software-testing,Undirected,Bank
453411049, Prosjekteringsledelse,Undirected,Bank
452679938,Amazon Web Services (AWS),Undirected,Bank
452679938, Business-analyse,Undirected,Bank
452679938, Konsekvensanalyse,Undirected,Bank
452679938, SQL,Undirected,Bank
452506297,Analysere data,Undirected,Drift og vedlikeholdstjenester
452506297, Behandle data,Undirected,Drift og vedlikeholdstjenester
452506297, Gode norsk- og engelskkunnskaper,Undirected,Drift og vedlikeholdstjenester
452506297, kvalitetssikring av data,Undirected,Drift og vedlikeholdstjenester
452506297, Microsoft Excel,Undirected,Drift og vedlikeholdstjenester
452506297, Power BI,Undirected,Drift og vedlikeholdstjenester
452506297, Rapportering,Undirected,Drift og vedlikeholdstjenester
452506297, Standardisere prosesser,Undirected,Drift og vedlikeholdstjenester
452394974,Analyser av nøkkeltall,Undirected,Bank
452394974, Budsjettarbeid,Undirected,Bank
452394974, Finansiell planlegging og analyse,Undirected,Bank
452394974, Finansiell rapportering,Undirected,Bank
452394974, Likviditetsstyring,Undirected,Bank
452394974, Mergers & Acquisitions (M&A),Undirected,Bank
452394974, Treasury/Risk Management (FI-FSCM-TRM),Undirected,Bank
451456062,Administrere data,Undirected,Butikk og varehandel
451456062, Analyse av forretningsdata,Undirected,Butikk og varehandel
451456062, Analysere data,Undirected,Butikk og varehandel
451456062, Bygge datadashboard,Undirected,Butikk og varehandel
451456062, Data Modeling,Undirected,Butikk og varehandel
451456062, Data Warehouse,Undirected,Butikk og varehandel
451456062, Microsoft Excel,Undirected,Butikk og varehandel
451456062, SQL,Undirected,Butikk og varehandel
450707758,Kontinuerlig forbedringsarbeid,Undirected,Bank
450707758, Kontinuerlig forbedringsprosess (CIP),Undirected,Bank
450707758, Kunnskap om teknologi,Undirected,Bank
450707758, Teknologiledelse,Undirected,Bank
455227905,Informatikk,Undirected,Forskning
455227905, Programmeringsspråk,Undirected,Forskning
455227905, Software Engineering,Undirected,Forskning
455111046,Git (Versioning File System),Undirected,Fiskeri og oppdrett
455111046, Linux,Undirected,Fiskeri og oppdrett
455111046, Python (dataprogrammering),Undirected,Fiskeri og oppdrett
455111046, Utvikle brukergrensesnitt,Undirected,Fiskeri og oppdrett
455105527,Administrere data,Undirected,IT
455105527, Analyse av forretningsdata,Undirected,IT
455105527, Data Modeling,Undirected,IT
455105527, Datavitenskap,Undirected,IT
455105527, Informasjonssikkerhet,Undirected,IT
455105527, Informatikk,Undirected,IT
455105527, Organisere data,Undirected,IT
455105527, Utvikle digitale plattformer og tjenester,Undirected,IT
455061915,Moderne software-utvikling,Undirected,Forskning
455061915, Programmeringsspråk,Undirected,Forskning
455061915, Software Engineering,Undirected,Forskning
454996213,Analyse,Undirected,IT
454996213, CTI,Undirected,IT
454996213, Dataanalyseverktøy,Undirected,IT
454996213, Etterforskning av elektroniske spor,Undirected,IT
454996213, Etterretning,Undirected,IT
454996213, Hendelsehåndtering,Undirected,IT
454996213, Security Incident and Event Managpement (SIEM),Undirected,IT
454996213, Trusseletterretning,Undirected,IT
455033257,Airflow,Undirected,Konsulent og rådgivning
455033257, Data Warehouse,Undirected,Konsulent og rådgivning
455033257, Datastyring,Undirected,Konsulent og rådgivning
455033257, Python (dataprogrammering),Undirected,Konsulent og rådgivning
455033257, Scala,Undirected,Konsulent og rådgivning
455033257, Snowflake,Undirected,Konsulent og rådgivning
455033257, SQL,Undirected,Konsulent og rådgivning
454947877,Analyse av stordata,Undirected,Bank
454947877, Dataanalyseverktøy,Undirected,Bank
454947877, Etterforsking,Undirected,Bank
454947877, Frikildeetterretning,Undirected,Bank
454947877, Gransking,Undirected,Bank
454947877, Python (dataprogrammering),Undirected,Bank
454947877, Risikovurdering,Undirected,Bank
454947877, samle opplysninger fra fysiske eller elektroniske kilder,Undirected,Bank
454901855,Analysere data,Undirected,Offentlig administrasjon
454901855, Datainnsamling og analyse,Undirected,Offentlig administrasjon
454901855, Datavitenskap,Undirected,Offentlig administrasjon
454901855, Internet of Things,Undirected,Offentlig administrasjon
454901855, Kjemi,Undirected,Offentlig administrasjon
454733741,Analyse av forretningsdata,Undirected,IT
454733741, Analysere data,Undirected,IT
454733741, Azure AD,Undirected,IT
454733741, Dataarkitektur,Undirected,IT
454733741, Maskinlæring,Undirected,IT
454733741, Python (dataprogrammering),Undirected,IT
454733741, SQL,Undirected,IT
454733741, Statistikk,Undirected,IT
454561504,Bygge Recommender- systemer,Undirected,Internettbaserte tjenester
454561504, CI/CD (Continuous Integration and Continuous Delivery),Undirected,Internettbaserte tjenester
454561504, Datavitenskap,Undirected,Internettbaserte tjenester
454561504, Development of data pipelines,Undirected,Internettbaserte tjenester
454561504, Maskinlæring,Undirected,Internettbaserte tjenester
454561504, MLOps,Undirected,Internettbaserte tjenester
454096496,ERP-systemer,Undirected,Olje og gass
454096496, Logistikk,Undirected,Olje og gass
454096496, Organisere delelager,Undirected,Olje og gass
454096496, Organisere lager,Undirected,Olje og gass
454096496, Plukking og pakking,Undirected,Olje og gass
454096496, Prosessutvikling (forretningsprosesser),Undirected,Olje og gass
454096496, Utføre laste- og losseoperasjoner,Undirected,Olje og gass
454096496, Varemottak,Undirected,Olje og gass
454095429,Behersker root cause analysis,Undirected,Bil
454095429, Kontinuerlig forbedringsarbeid,Undirected,Bil
454095429, Kvalitetssikring,Undirected,Bil
454095429, kvalitetssikring av data,Undirected,Bil
454095429, Microsoft Excel,Undirected,Bil
454095429, Service-Level-Agreement (SLA) Management,Undirected,Bil
454073027,Maskinlæring,Undirected,Reise og turisme
454073027, MLOps,Undirected,Reise og turisme
454073027, Prediktiv analyse,Undirected,Reise og turisme
454073027, Python (dataprogrammering),Undirected,Reise og turisme
454073027, PyTorch,Undirected,Reise og turisme
454073027, Scikit-learn,Undirected,Reise og turisme
454073027, SQL,Undirected,Reise og turisme
454073027, Tensorflow,Undirected,Reise og turisme
453941172,Analysere data,Undirected,Elektronikk
453941172, Drifte vedlikeholdssystemer,Undirected,Elektronikk
453941172, Flyteknikk,Undirected,Elektronikk
453941172, Ingeniørkunst,Undirected,Elektronikk
453941172, Sikkerhetsklarering,Undirected,Elektronikk
453939539,Analysere data,Undirected,IT
453939539, Datavitenskap,Undirected,IT
453939539, Maskinlæring,Undirected,IT
453939539, Python (dataprogrammering),Undirected,IT
453939539, SQL,Undirected,IT
453925958,Azure AD,Undirected,IT
453925958, CI/CD (Continuous Integration and Continuous Delivery),Undirected,IT
453925958, Data Modeling,Undirected,IT
453925958, Dataarkitektur,Undirected,IT
453925958, Power BI,Undirected,IT
453925958, PySpark,Undirected,IT
453925958, Python (dataprogrammering),Undirected,IT
453925958, SQL,Undirected,IT
453770485,Akvakultur,Undirected,Fiskeri og oppdrett
453770485, kunnskap om produktledelse,Undirected,Fiskeri og oppdrett
453770485, Programvare som tjeneste,Undirected,Fiskeri og oppdrett
453770485, Prosjekteringsledelse,Undirected,Fiskeri og oppdrett
453765668,Analysere data,Undirected,Offentlig administrasjon
453765668, kvalitetssikring av data,Undirected,Offentlig administrasjon
453765668, Programmeringsspråk,Undirected,Offentlig administrasjon
453765668, Statistikk,Undirected,Offentlig administrasjon
453752913,A/B-testing (konverteringsoptimalisering),Undirected,IT - programvare
453752913, Analysere data,Undirected,IT - programvare
453752913, Apache Spark,Undirected,IT - programvare
453752913, Lage prediktive modeller,Undirected,IT - programvare
453752913, Python (dataprogrammering),Undirected,IT - programvare
453752913, SQL,Undirected,IT - programvare
453755192,Azure AD,Undirected,Medisinsk utstyr og rekvisita
453755192, Datavitenskap,Undirected,Medisinsk utstyr og rekvisita
453755192, Informatikk,Undirected,Medisinsk utstyr og rekvisita
453755192, Ingeniørarbeid,Undirected,Medisinsk utstyr og rekvisita
453755192, Kunstig intelligens,Undirected,Medisinsk utstyr og rekvisita
453755192, Maskinlæring,Undirected,Medisinsk utstyr og rekvisita
453755192, MLOps,Undirected,Medisinsk utstyr og rekvisita
453755192, Python (dataprogrammering),Undirected,Medisinsk utstyr og rekvisita
453723290,Analysere data,Undirected,Farmasi og legemiddel
453723290, Cybersikkerhet,Undirected,Farmasi og legemiddel
453723290, Dataanalyseverktøy,Undirected,Farmasi og legemiddel
453723290, Opprettholde dataintegritet,Undirected,Farmasi og legemiddel
453723290, Power BI,Undirected,Farmasi og legemiddel
453723290, Rapporteringsverktøy,Undirected,Farmasi og legemiddel
453723290, Servicearbeid,Undirected,Farmasi og legemiddel
453587435,Bioingeniørfaglig kompetanse,Undirected,Forskning
453587435, Blodbankvirksomhet,Undirected,Forskning
453587435, Dyreforsøk,Undirected,Forskning
453587435, FELASA Kategori C,Undirected,Forskning
453587435, Immunologi,Undirected,Forskning
453587435, Molekylærbiologi,Undirected,Forskning
453587435, Ta blodprøver,Undirected,Forskning
453446521,Automatisering,Undirected,Bank
453446521, Azure AD,Undirected,Bank
453446521, Bash (operativsystem),Undirected,Bank
453446521, Bicep (Azure),Undirected,Bank
453446521, CI/CD (Continuous Integration and Continuous Delivery),Undirected,Bank
453446521, PowerShell,Undirected,Bank
453446521, Programmeringsspråk,Undirected,Bank
453446521, Python (dataprogrammering),Undirected,Bank
453440546,Azure AD,Undirected,Bank
453440546, Generative artificial intelligence,Undirected,Bank
453440546, Kunstig intelligens,Undirected,Bank
453440546, Maskinlæring,Undirected,Bank
453440546, Moderne software-utvikling,Undirected,Bank
453440546, Python (dataprogrammering),Undirected,Bank
453434829,Bruk av Agile-metodikk,Undirected,IT
453434829, Java (Programmeringsspråk),Undirected,IT
453434829, Kotlin,Undirected,IT
453434829, Moderne software-utvikling,Undirected,IT
453427835,Analysere data,Undirected,Olje og gass
453427835, Rapportering av ytelse,Undirected,Olje og gass
453427835, Support / brukerstøtte,Undirected,Olje og gass
453427835, Technical writing,Undirected,Olje og gass
453427835, Tolke data,Undirected,Olje og gass
453427835, Ytelsesanalyse,Undirected,Olje og gass
453421623,Apache Spark,Undirected,IT
453421623, MLOps,Undirected,IT
453421623, Power BI,Undirected,IT
453421623, PySpark,Undirected,IT
453421623, Python (dataprogrammering),Undirected,IT
453421623, R,Undirected,IT
453421623, Snowflake,Undirected,IT
453421623, Tableau,Undirected,IT
453006556,Azure Data Factory,Undirected,IT
453006556, Azure SQL-database,Undirected,IT
453006556, Azure Synapse,Undirected,IT
453006556, Datastyring,Undirected,IT
453006556, Infrastructure as code (IaC),Undirected,IT
453006556, K8s,Undirected,IT
453006556, Python (dataprogrammering),Undirected,IT
453006556, SQL,Undirected,IT
453082134,Digitale ferdigheter,Undirected,Forskning
453082134, Microsoft Office,Undirected,Forskning
452937651,Embedded Systems,Undirected,Forskning
452937651, Field Programmable Gate Array (FPGA),Undirected,Forskning
452937651, Informasjonssikkerhet,Undirected,Forskning
452937651, Kryptoanalyse,Undirected,Forskning
452937651, Kryptografi,Undirected,Forskning
452937651, Mikroelektronikk,Undirected,Forskning
452937651, Sårbarhetsanalyse,Undirected,Forskning
452937651, VHDL,Undirected,Forskning
452822200,Application Programming Interfaces (APIs),Undirected,Forsvar og militær
452822200, Behandle data,Undirected,Forsvar og militær
452822200, CI/CD (Continuous Integration and Continuous Delivery),Undirected,Forsvar og militær
452822200, Data Engineering,Undirected,Forsvar og militær
452822200, Java (Programmeringsspråk),Undirected,Forsvar og militær
452822200, Python (dataprogrammering),Undirected,Forsvar og militær
452818898,Benytte maskinlæring,Undirected,Maritim og offshore
452818898, Datavitenskap,Undirected,Maritim og offshore
452818898, Ingeniørarbeid,Undirected,Maritim og offshore
452818898, Ingeniørkunst,Undirected,Maritim og offshore
452818898, Matematikk,Undirected,Maritim og offshore
452818898, Programmeringsspråk,Undirected,Maritim og offshore
452818898, Python (dataprogrammering),Undirected,Maritim og offshore
452813728,CI/CD (Continuous Integration and Continuous Delivery),Undirected,Forsvar og militær
452813728, Maskinlæring,Undirected,Forsvar og militær
452813728, MLOps,Undirected,Forsvar og militær
452813728, Modellbygging,Undirected,Forsvar og militær
452813728, Python (dataprogrammering),Undirected,Forsvar og militær
452813728, PyTorch,Undirected,Forsvar og militær
452813728, Scikit-learn,Undirected,Forsvar og militær
452813728, Tensorflow,Undirected,Forsvar og militær
452809786,Analysere data,Undirected,n vi opererer i endres raskere enn noen gang
452809786, Automatisering,Undirected,n vi opererer i endres raskere enn noen gang
452809786, Informatikk,Undirected,n vi opererer i endres raskere enn noen gang
452809786, Kunstig intelligens,Undirected,n vi opererer i endres raskere enn noen gang
452809786, Moderne software-utvikling,Undirected,n vi opererer i endres raskere enn noen gang
452796363,ADL,Undirected,Forsvar og militær
452796363, Arkitektonisk design,Undirected,Forsvar og militær
452796363, Digitalisering,Undirected,Forsvar og militær
452796363, Forretningsarkitektur,Undirected,Forsvar og militær
452796363, Kunnskap om teknologi,Undirected,Forsvar og militær
452796363, Sikkerhetsklarering,Undirected,Forsvar og militær
452796363, Sikre interoperabilitet,Undirected,Forsvar og militær
452693254,ARM Cortex-M,Undirected,Elektronikk
452693254, Assembly (dataprogrammering),Undirected,Elektronikk
452693254, Embedded C,Undirected,Elektronikk
452693254, Jenkins (Software),Undirected,Elektronikk
452693254, Kontinuerlig integrasjon,Undirected,Elektronikk
452693254, Linux,Undirected,Elektronikk
452693254, Python (dataprogrammering),Undirected,Elektronikk
452656412,.NET Framework,Undirected,Butikk og varehandel
452656412, Analysere data,Undirected,Butikk og varehandel
452656412, Azure AD,Undirected,Butikk og varehandel
452656412, C# (Programmeringsspråk),Undirected,Butikk og varehandel
452656412, Java (Programmeringsspråk),Undirected,Butikk og varehandel
452656412, Kunstig intelligens,Undirected,Butikk og varehandel
452642509,Arbeidsdag,Undirected,Bank
452642509, Dataanalyse og rapportering,Undirected,Bank
452642509, Datastyring,Undirected,Bank
452642509, kvalitetssikring av data,Undirected,Bank
452642509, Opprettholde dataintegritet,Undirected,Bank
452642509, Regulatory compliance,Undirected,Bank
452642509, SQL,Undirected,Bank
452636354,Analysere data,Undirected,Bank
452636354, Bibliotek (Programvare),Undirected,Bank
452636354, Datavitenskap,Undirected,Bank
452636354, Maskinlæring,Undirected,Bank
452636354, Matematikk,Undirected,Bank
452636354, Python (dataprogrammering),Undirected,Bank
452636354, Statistikk,Undirected,Bank
452598170,Datavitenskap,Undirected,Olje og gass
452598170, Detalj prosjektering/ engineering elektro,Undirected,Olje og gass
452598170, Elektronikk,Undirected,Olje og gass
452598170, Ingeniørarbeid,Undirected,Olje og gass
452598170, Ingeniørkunst,Undirected,Olje og gass
452598170, Kjemiteknikk,Undirected,Olje og gass
452598170, Petroleumsteknologi,Undirected,Olje og gass
452530753,.NET Core,Undirected,Bank
452530753, Amazon Web Services (AWS),Undirected,Bank
452530753, Angular,Undirected,Bank
452530753, Generative artificial intelligence,Undirected,Bank
452530753, JavaScript,Undirected,Bank
452530753, Python (dataprogrammering),Undirected,Bank
452530753, SQL,Undirected,Bank
452530753, TypeScript,Undirected,Bank
452390550,Development of data pipelines,Undirected,Arbeidstaker- og arbeidsgiverorganisasjoner
452390550, NoSQL,Undirected,Arbeidstaker- og arbeidsgiverorganisasjoner
452390550, Python (dataprogrammering),Undirected,Arbeidstaker- og arbeidsgiverorganisasjoner
452390550, SQL,Undirected,Arbeidstaker- og arbeidsgiverorganisasjoner
452354224,Data Engineering,Undirected,IT
452354224, Database,Undirected,IT
452354224, Datasjø,Undirected,IT
452354224, Datastyring,Undirected,IT
452354224, Development of data pipelines,Undirected,IT
452354224, Infrastructure as code (IaC),Undirected,IT
452354224, Python (dataprogrammering),Undirected,IT
452354224, SQL,Undirected,IT
452342221,Datastyring,Undirected,IT
452342221, Forskrifter,Undirected,IT
452342221, General Data Protection Regulation (GDPR),Undirected,IT
452342221, Katalogisere,Undirected,IT
452342221, kvalitetssikring av data,Undirected,IT
452342221, Metadata standards,Undirected,IT
452342221, Opprettholde dataintegritet,Undirected,IT
451907357,Analysere data,Undirected,IT
451907357, Datavitenskap,Undirected,IT
451907357, Dokumentasjon,Undirected,IT
451907357, Informasjonssikkerhet,Undirected,IT
451907357, Kunstig intelligens,Undirected,IT
451907357, kvalitetssikring av data,Undirected,IT
451907357, Maskinlæring,Undirected,IT
451907357, Prototype,Undirected,IT
451602665,Analysere data,Undirected,Annet
451602665, Customer Relationship Management (CRM),Undirected,Annet
451602665, Dokumentering og registrering av informasjon,Undirected,Annet
451602665, Forretningsutvikling,Undirected,Annet
451602665, Kontinuerlig forbedringsprosess (CIP),Undirected,Annet
451602665, Prosjekteringsledelse,Undirected,Annet
451602665, Support / brukerstøtte,Undirected,Annet
451620651,Analysere forretningsprosesser,Undirected,Helse og omsorg
451620651, Automasjon,Undirected,Helse og omsorg
451620651, Process documentation,Undirected,Helse og omsorg
451620651, Prosessanalyse,Undirected,Helse og omsorg
451620651, Prosessdesign,Undirected,Helse og omsorg
451611537,Dataprogrammering,Undirected,IT - maskinvare
451611537, Elektriske generatorer,Undirected,IT - maskinvare
451611537, Ingeniørarbeid,Undirected,IT - maskinvare
451611537, Kunnskap om teknologi,Undirected,IT - maskinvare
451611537, Radiofrekvensteknikk,Undirected,IT - maskinvare
451611537, Signalbehandling,Undirected,IT - maskinvare
450430257,A/B-Test,Undirected,Annet
450430257, Analysere data om klienter,Undirected,Annet
450430257, Datadrevet markedsføring,Undirected,Annet
450430257, General Data Protection Regulation (GDPR),Undirected,Annet
450430257, Segmentere,Undirected,Annet
450293124,Docker,Undirected,Forskning
450293124, Maskinlæring,Undirected,Forskning
450293124, Python (dataprogrammering),Undirected,Forskning
449676260,Lage Benchmarks,Undirected,Industri og produksjon
449676260, Lean methods,Undirected,Industri og produksjon
449676260, Operational Excellence,Undirected,Industri og produksjon
449676260, Six sigma-metoder,Undirected,Industri og produksjon
449672760,Ingeniørarbeid,Undirected,Forsvar og militær
449672760, Internet of Things,Undirected,Forsvar og militær
449672760, Lage Benchmarks,Undirected,Forsvar og militær
449672760, Operational Excellence,Undirected,Forsvar og militær
449672760, Programledelse,Undirected,Forsvar og militær
449672760, Six sigma-metoder,Undirected,Forsvar og militær
449624777,Automatisering,Undirected,Eiendom
449624777, Database,Undirected,Eiendom
449624777, Datavitenskap,Undirected,Eiendom
449624777, Kunstig intelligens,Undirected,Eiendom
449624777, Maskinlæring,Undirected,Eiendom
449624777, Microsoft Certified Professional (MCP),Undirected,Eiendom
449624777, Moderne software-utvikling,Undirected,Eiendom
449624777, SQL,Undirected,Eiendom
449317369,Algoritmer,Undirected,Forskning
449317369, C++ (Programming language),Undirected,Forskning
449317369, Maskinlæringsmetoder,Undirected,Forskning
449317369, Modellering og simulering,Undirected,Forskning
449317369, Partielle differensialligninger,Undirected,Forskning
449317369, Python (dataprogrammering),Undirected,Forskning
449208259,Backend webutvikling,Undirected,Annet
449208259, Database,Undirected,Annet
449208259, Kunstig intelligens,Undirected,Annet
449208259, Maskinlæring,Undirected,Annet
449208259, NoSQL,Undirected,Annet
449208259, Python (dataprogrammering),Undirected,Annet
449208259, PyTorch,Undirected,Annet
449208259, Tensorflow,Undirected,Annet
455205741,Administrere data,Undirected,Bygg og anlegg
455205741, Microsoft,Undirected,Bygg og anlegg
455205741, Microsoft Excel,Undirected,Bygg og anlegg
455205741, Opprette innkjøpsordre,Undirected,Bygg og anlegg
454941356,Autonome systemer,Undirected,Industri og produksjon
454941356, Digitalisering av prosesser,Undirected,Industri og produksjon
454941356, Kommunikator,Undirected,Industri og produksjon
454941356, Kundedialog,Undirected,Industri og produksjon
454941356, Kunstig intelligens,Undirected,Industri og produksjon
454941356, Maritim teknologi,Undirected,Industri og produksjon
454941356, Regulatory compliance,Undirected,Industri og produksjon
454941356, Teknisk salg,Undirected,Industri og produksjon
454936072,Behersker IT-/datasystemer,Undirected,Industri og produksjon
454936072, Betjene og overvåke alarmsystemer,Undirected,Industri og produksjon
454936072, Ingeniørarbeid,Undirected,Industri og produksjon
454936072, Modbus,Undirected,Industri og produksjon
454936072, Sikkerhetsteknikk,Undirected,Industri og produksjon
454925447,ERP-systemer,Undirected,Internettbaserte tjenester
454925447, Finansiell planlegging og analyse,Undirected,Internettbaserte tjenester
454925447, Finansiell rapportering,Undirected,Internettbaserte tjenester
454925447, IFRS 15,Undirected,Internettbaserte tjenester
454925447, Internkontroll,Undirected,Internettbaserte tjenester
454925447, Key Performance Indicator (KPI),Undirected,Internettbaserte tjenester
454925447, Prognoser,Undirected,Internettbaserte tjenester
454925447, Programvare som tjeneste,Undirected,Internettbaserte tjenester
454582307,Account Management,Undirected,Farmasi og legemiddel
454582307, Forstå,Undirected,Farmasi og legemiddel
454582307, skrive og lese norske tekniske dokumenter,Undirected,Farmasi og legemiddel
454582307, Norsk,Undirected,Farmasi og legemiddel
454582307, Utføre dataanalyse,Undirected,Farmasi og legemiddel
454086939,CSS (Cascading Style Sheets),Undirected,IT - programvare
454086939, Redux State Management,Undirected,IT - programvare
454086939, Responsiv nettside,Undirected,IT - programvare
454086939, TypeScript,Undirected,IT - programvare
454086939, Vue.js,Undirected,IT - programvare
454072503,C# (Programmeringsspråk),Undirected,IT - programvare
454072503, Distribuert systemarkitektur (IKT),Undirected,IT - programvare
454072503, Go,Undirected,IT - programvare
454072503, REST (API),Undirected,IT - programvare
454072503, SQL,Undirected,IT - programvare
453408385,Bokføring,Undirected,Kraft og energi
453408385, Finansiell revisjon,Undirected,Kraft og energi
453408385, IFRS 1,Undirected,Kraft og energi
453408385, Internkontroll,Undirected,Kraft og energi
453408385, Internprising,Undirected,Kraft og energi
453408385, Konsolidert finansregnskap,Undirected,Kraft og energi
453408385, Regnskap og bokføring,Undirected,Kraft og energi
452394981,Bannerannonsering,Undirected,Annet
452394981, Bruke verktøy,Undirected,Annet
452394981, Content design,Undirected,Annet
452394981, Figma,Undirected,Annet
452394981, Forbedring av produksjonsbetingelser,Undirected,Annet
452394981, Hjelpe til med innhold til sosiale medier,Undirected,Annet
452394981, Paid Social,Undirected,Annet
452394981, Utvikle digitalt innhold,Undirected,Annet
452348521,CSS (Cascading Style Sheets),Undirected,Bank
452348521, HTML & CSS,Undirected,Bank
452348521, JavaScript,Undirected,Bank
452348521, React.js,Undirected,Bank
452348521, TypeScript,Undirected,Bank
451807679,Account Management,Undirected,Transport og logistikk
451807679, Digital Commerce,Undirected,Transport og logistikk
451807679, Forretningsutvikling,Undirected,Transport og logistikk
451807679, Kontraktshåndtering,Undirected,Transport og logistikk
451807679, Norsk,Undirected,Transport og logistikk
451807679, Opprettholde dataintegritet,Undirected,Transport og logistikk
451807679, Salesforce Inc.,Undirected,Transport og logistikk
450455377,Informatikk,Undirected,IT
450455377, Konsekvensanalyse,Undirected,IT
450432230,Go,Undirected,Internettbaserte tjenester
450432230, Kjennskap til skyplattformer,Undirected,Internettbaserte tjenester
450432230, Linux,Undirected,Internettbaserte tjenester
450432230, Python (dataprogrammering),Undirected,Internettbaserte tjenester
450432230, Terraform,Undirected,Internettbaserte tjenester
455216208,Analysere data,Undirected,Bygg og anlegg
455216208, Application Programming Interfaces (APIs),Undirected,Bygg og anlegg
455216208, Automatisering,Undirected,Bygg og anlegg
455216208, Database,Undirected,Bygg og anlegg
455216208, Internet of Things,Undirected,Bygg og anlegg
455216208, MQTT,Undirected,Bygg og anlegg
455087448,General Data Protection Regulation (GDPR),Undirected,IT
455087448, Informatikk,Undirected,IT
455087448, Kunstig intelligens,Undirected,IT
455087448, Risikovurdering,Undirected,IT
455087448, Store språkmodeller,Undirected,IT
455082574,B2B - erfaring,Undirected,Annet
455082574, Kundeportefølje,Undirected,Annet
455082574, Salgsprosess,Undirected,Annet
454942526,Maskinlæring,Undirected,IT
454939246,Administrere data,Undirected,IT
454939246, Automatisering,Undirected,IT
454939246, Database,Undirected,IT
454939246, Digitalisering,Undirected,IT
454939246, JavaScript,Undirected,IT
454939246, Kunstig intelligens,Undirected,IT
454939246, Kvalitetssikring,Undirected,IT
454939246, ServiceNow,Undirected,IT
454882043,Industriell økonomi,Undirected,IT - programvare
454882043, Kjennskap til skyplattformer,Undirected,IT - programvare
454882043, Kunstig intelligens,Undirected,IT - programvare
454882043, Moderne software-utvikling,Undirected,IT - programvare
454882043, Nettskyteknologier,Undirected,IT - programvare
454882043, Produktutvikling,Undirected,IT - programvare
454882043, Teknisk ledelse,Undirected,IT - programvare
454793708,Analysere data,Undirected,Internettbaserte tjenester
454793708, Angi prisstrategier,Undirected,Internettbaserte tjenester
454793708, Dataanalyseverktøy,Undirected,Internettbaserte tjenester
454793708, Markedsanalyse,Undirected,Internettbaserte tjenester
454793708, Markedsundersøkelser,Undirected,Internettbaserte tjenester
454793708, Modellering (økonomi),Undirected,Internettbaserte tjenester
454793708, Prisanalyse,Undirected,Internettbaserte tjenester
454793708, Prissettingsstrategier,Undirected,Internettbaserte tjenester
454777694,Analyser av nøkkeltall,Undirected,Butikk og varehandel
454777694, Analysere data,Undirected,Butikk og varehandel
454777694, Automatisering,Undirected,Butikk og varehandel
454777694, Bruke verktøy,Undirected,Butikk og varehandel
454777694, Customer Relationship Management (CRM),Undirected,Butikk og varehandel
454777694, Digital Commerce,Undirected,Butikk og varehandel
454777694, Optimalisere salg,Undirected,Butikk og varehandel
454753202,Design computer network,Undirected,Industri og produksjon
454753202, Installasjon,Undirected,Industri og produksjon
454753202, Intranett,Undirected,Industri og produksjon
454753202, Nettverksinfrastruktur,Undirected,Industri og produksjon
454753202, SOP,Undirected,Industri og produksjon
454753202, Wide Area Network (WAN),Undirected,Industri og produksjon
454752898,Aktiv oppfølging,Undirected,Industri og produksjon
454752898, Dokumentasjon,Undirected,Industri og produksjon
454752898, Høyspenning,Undirected,Industri og produksjon
454752898, Igangkjøring,Undirected,Industri og produksjon
454752898, Lavspenning,Undirected,Industri og produksjon
454752898, Montering av elektriske systemer,Undirected,Industri og produksjon
454752652,Byggeledelse,Undirected,Industri og produksjon
454752652, Document Management Systems (DMS),Undirected,Industri og produksjon
454752652, Erfaring fra store byggeprosjekter,Undirected,Industri og produksjon
454752652, Ingeniørarbeid,Undirected,Industri og produksjon
454752652, Nordisk spåk,Undirected,Industri og produksjon
454752652, Økonomisk administrasjon,Undirected,Industri og produksjon
454752652, Prosjekteringsledelse,Undirected,Industri og produksjon
454752652, Transformatorkunnskap,Undirected,Industri og produksjon
454734559,Bruke verktøy,Undirected,Bank
454734559, Digitale ferdigheter,Undirected,Bank
454734559, Følge opp kundefordringer,Undirected,Bank
454734559, Saksbehandle søknader,Undirected,Bank
454734559, Utvikling av digitale verktøy,Undirected,Bank
454731329,Agile Frameworks,Undirected,IT
454731329, Bruker-orientert design,Undirected,IT
454731329, Kjennskap til skyplattformer,Undirected,IT
454731329, kunnskap om produktledelse,Undirected,IT
454731329, Kunnskap om relevante lover og forskrifter,Undirected,IT
454731329, PRINCE2,Undirected,IT
454731329, Produktkø (Product backlog),Undirected,IT
454628298,Automatisering,Undirected,Medie- og innholdsproduksjon
454628298, CI/CD (Continuous Integration and Continuous Delivery),Undirected,Medie- og innholdsproduksjon
454628298, Containere eller containerplattformer,Undirected,Medie- og innholdsproduksjon
454628298, Data Modeling,Undirected,Medie- og innholdsproduksjon
454628298, Dataarkitektur,Undirected,Medie- og innholdsproduksjon
454628298, Kjennskap til skyplattformer,Undirected,Medie- og innholdsproduksjon
454628298, Kunstig intelligens,Undirected,Medie- og innholdsproduksjon
454628298, Orkestrere musikk,Undirected,Medie- og innholdsproduksjon
454598857,Analysere kontrakter,Undirected,Juridiske tjenester
454598857, Automatisering,Undirected,Juridiske tjenester
454598857, Digitale ferdigheter,Undirected,Juridiske tjenester
454598857, Juridisk forskning,Undirected,Juridiske tjenester
454598857, Kontraktsrett,Undirected,Juridiske tjenester
454598857, Utarbeide kontrakt,Undirected,Juridiske tjenester
454570064,Arbeid med nyhetsbrev,Undirected,Markedsføring og annonsering
454570064, Datadrevet markedsføring,Undirected,Markedsføring og annonsering
454570064, Google Analytics,Undirected,Markedsføring og annonsering
454570064, Salesforce Marketing Cloud,Undirected,Markedsføring og annonsering
454570064, Search Engine Marketing (SEM),Undirected,Markedsføring og annonsering
454570064, Segmentere,Undirected,Markedsføring og annonsering
454570064, Social Media,Undirected,Markedsføring og annonsering
454570064, Søkemotoroptimalisering,Undirected,Markedsføring og annonsering
454565056,Adgangskontroll,Undirected,IT
454565056, Bedriftsrådgivning,Undirected,IT
454565056, Dataintegrasjonsprosesser,Undirected,IT
454565056, Felling,Undirected,IT
454565056, ICT Architecture,Undirected,IT
454565056, Kjennskap til skyplattformer,Undirected,IT
454565056, Kunstig intelligens,Undirected,IT
454565056, Kvalitetssikring,Undirected,IT
454093619,Brukbarhetstesting,Undirected,HR
454093619, Brukeropplevelsesundersøkelse,Undirected,HR
454093619, Kartlegge,Undirected,HR
454093619, Prototype,Undirected,HR
454074364,Bedriftsøkonomi,Undirected,Butikk og varehandel
454074364, BPM,Undirected,Butikk og varehandel
454074364, Etterfylling,Undirected,Butikk og varehandel
454074364, Forsyningskjedestyring,Undirected,Butikk og varehandel
454074364, Kassesystem,Undirected,Butikk og varehandel
454074364, Kontinuerlig forbedringsarbeid,Undirected,Butikk og varehandel
454074364, Prognoser,Undirected,Butikk og varehandel
454074364, Standardisere prosesser,Undirected,Butikk og varehandel
454070518,Kunstig intelligens,Undirected,Internettbaserte tjenester
454070518, Optimalisering av konvertering,Undirected,Internettbaserte tjenester
454070518, Produsere innhold,Undirected,Internettbaserte tjenester
454070518, Social Media,Undirected,Internettbaserte tjenester
454041636,Adobe (Software),Undirected,Konsulent og rådgivning
454041636, Adobe After Effects,Undirected,Konsulent og rådgivning
454041636, Canva (Software),Undirected,Konsulent og rådgivning
454041636, Figma,Undirected,Konsulent og rådgivning
454041636, Kvalitetssikring,Undirected,Konsulent og rådgivning
454041636, Markedsføringskanal,Undirected,Konsulent og rådgivning
454041636, Produsere innhold,Undirected,Konsulent og rådgivning
454041636, Typografi,Undirected,Konsulent og rådgivning
454032597,Analysere data,Undirected,Internettbaserte tjenester
454032597, Due Diligence analyse,Undirected,Internettbaserte tjenester
454032597, Kunstig intelligens,Undirected,Internettbaserte tjenester
454032597, Optimalisering av kostnader,Undirected,Internettbaserte tjenester
454032597, Risikoanalyse,Undirected,Internettbaserte tjenester
454032597, Sikkerhetsadministrasjon,Undirected,Internettbaserte tjenester
454031044,Utvikle APIs,Undirected,Industri og produksjon
454027822,ABAP (Programming language),Undirected,IT
454027822, C# (Programmeringsspråk),Undirected,IT
454027822, EDIFACT,Undirected,IT
454027822, Java (Programmeringsspråk),Undirected,IT
454027822, Python (dataprogrammering),Undirected,IT
454027822, SAP (Systems,Undirected,IT
454027822, Applications and Products for data processing),Undirected,IT
454027822, SQL,Undirected,IT
454027822, Visual Basic,Undirected,IT
453711104,A/B-testing (konverteringsoptimalisering),Undirected,Butikk og varehandel
453711104, Avkastning på investering (ROI),Undirected,Butikk og varehandel
453711104, Digital Commerce,Undirected,Butikk og varehandel
453711104, Google Adwords,Undirected,Butikk og varehandel
453711104, Google Analytics,Undirected,Butikk og varehandel
453711104, Optimalisering av konvertering,Undirected,Butikk og varehandel
453711104, Segmentere,Undirected,Butikk og varehandel
453711104, Shopify,Undirected,Butikk og varehandel
453623638,Behersker IT-/datasystemer,Undirected,IT
453623638, Cybersikkerhet,Undirected,IT
453623638, IKT-sikkerhetsstandarder,Undirected,IT
453623638, IKT-støtte,Undirected,IT
453623638, Marinteknikk,Undirected,IT
453623638, Prosjektledelse IT,Undirected,IT
453623638, Sikre informasjonspersonvern,Undirected,IT
433518045,C# (Programmeringsspråk),Undirected,Internettbaserte tjenester
433518045, CI/CD (Continuous Integration and Continuous Delivery),Undirected,Internettbaserte tjenester
433518045, Fullstack utvikler,Undirected,Internettbaserte tjenester
433518045, GitHub,Undirected,Internettbaserte tjenester
433518045, Ingeniørarbeid,Undirected,Internettbaserte tjenester
433518045, SQL,Undirected,Internettbaserte tjenester
433518045, TypeScript,Undirected,Internettbaserte tjenester
453452452,Go-to-market strategi,Undirected,IT
453452452, Kunstig intelligens,Undirected,IT
453452452, Optimalisering av konvertering,Undirected,IT
453452452, Prototype,Undirected,IT
453452452, Utvikling av markedsførings- og salgskonsepter,Undirected,IT
383819200,Akvakultur,Undirected,Industri og produksjon
383819200, Automatisering,Undirected,Industri og produksjon
383819200, Bærekraftig miljøarbeid,Undirected,Industri og produksjon
383819200, Biologi,Undirected,Industri og produksjon
383819200, Kunstig intelligens,Undirected,Industri og produksjon
383819200, Kybernetikk,Undirected,Industri og produksjon
383819200, Logistikk,Undirected,Industri og produksjon
383819200, Robotikk,Undirected,Industri og produksjon
453430508,Automatisering,Undirected,IT
453430508, Behandle data,Undirected,IT
453430508, Data Engineering,Undirected,IT
453430508, Dataarkitektur,Undirected,IT
453430508, Kunstig intelligens,Undirected,IT
453430508, kvalitetssikring av data,Undirected,IT
453430508, Organisere data,Undirected,IT
453430508, Systemoptimering,Undirected,IT
453421465,.NET MAUI (Multi-Platform App UI),Undirected,Butikk og varehandel
453421465, Informatikk,Undirected,Butikk og varehandel
453421465, Ingeniørarbeid,Undirected,Butikk og varehandel
453421465, Kunstig intelligens,Undirected,Butikk og varehandel
453421465, Mobilapplikasjon,Undirected,Butikk og varehandel
453421465, Native Apps,Undirected,Butikk og varehandel
453421465, React Native,Undirected,Butikk og varehandel
453420208,Informatikk,Undirected,Butikk og varehandel
453420208, Ingeniørarbeid,Undirected,Butikk og varehandel
453420208, Kunstig intelligens,Undirected,Butikk og varehandel
453420208, Standardisere prosesser,Undirected,Butikk og varehandel
453420208, Strategisk systemutvikling,Undirected,Butikk og varehandel
452960053,Ahrefs,Undirected,Bank
452960053, Automatisering,Undirected,Bank
452960053, Google Adwords,Undirected,Bank
452960053, Kunstig intelligens,Undirected,Bank
452960053, Landingpage,Undirected,Bank
452960053, Markedsanalyse,Undirected,Bank
452960053, Python Scripting,Undirected,Bank
452960053, SEMrush,Undirected,Bank
452959037,C# (Programmeringsspråk),Undirected,IT
452959037, Java (Programmeringsspråk),Undirected,IT
452957971,Salgserfaring,Undirected,Annet
452938445,Engelsk,Undirected,Annet
452938445, Norsk,Undirected,Annet
452822913,Dataarkitektur,Undirected,Bank
452822913, General Data Protection Regulation (GDPR),Undirected,Bank
452806157,API - integrasjoner,Undirected,Bank
452806157, Data Engineering,Undirected,Bank
452806157, Development of data pipelines,Undirected,Bank
452806157, K8s,Undirected,Bank
452806157, MLOps,Undirected,Bank
452806157, Python (dataprogrammering),Undirected,Bank
452806157, SQL,Undirected,Bank
452806157, Terraform,Undirected,Bank
452800969,Datadrevet markedsføring,Undirected,Eiendom
452800969, Kunstig intelligens,Undirected,Eiendom
452800969, Markedsstrategi,Undirected,Eiendom
452800969, Produsere innhold,Undirected,Eiendom
452776053,Innholdsproduksjon,Undirected,Event og arrangementer
452776053, Product Marketing,Undirected,Event og arrangementer
452776053, Programvare som tjeneste,Undirected,Event og arrangementer
452776053, Prosjekteringsledelse,Undirected,Event og arrangementer
452768038,Analysere bilder,Undirected,Helse og omsorg
452768038, Bergenstesten,Undirected,Helse og omsorg
452768038, Bioingeniørfaglig kompetanse,Undirected,Helse og omsorg
452768038, Biologi,Undirected,Helse og omsorg
452768038, Databaseutvikling,Undirected,Helse og omsorg
452768038, Digitalisering,Undirected,Helse og omsorg
452638765,Brukbarhetstesting,Undirected,IT
452638765, Informasjonsarkitektur,Undirected,IT
452638765, Interaksjonsdesign,Undirected,IT
452638765, Programvaredesign,Undirected,IT
452638765, Prototype,Undirected,IT
452638765, Wireframing,Undirected,IT
452630899,Digitalisering,Undirected,Industri og produksjon
452630899, Fabrikasjonsprosess,Undirected,Industri og produksjon
452630899, IFS ERP,Undirected,Industri og produksjon
452630899, Kunstig intelligens,Undirected,Industri og produksjon
452630899, Prosessoptimalisering (produksjonsprosesser),Undirected,Industri og produksjon
451575167,Innholdsmarkedsføring,Undirected,Markedsføring og annonsering
451575167, Kreativitet,Undirected,Markedsføring og annonsering
451575167, Matfaget,Undirected,Markedsføring og annonsering
451575167, Prosjektledelse,Undirected,Markedsføring og annonsering
451575167, Sosiale medier,Undirected,Markedsføring og annonsering
451575167, Teknologisk forståelse,Undirected,Markedsføring og annonsering
452529180,Objektorientert programmering,Undirected,Drift og vedlikeholdstjenester
452486673,Datadrevet markedsføring,Undirected,Internettbaserte tjenester
452486673, Digital annonsering,Undirected,Internettbaserte tjenester
452486673, Google Adwords,Undirected,Internettbaserte tjenester
452486673, Google Analytics,Undirected,Internettbaserte tjenester
452486673, Kampanjeplanlegging (markedsføring),Undirected,Internettbaserte tjenester
452486673, Landingpage,Undirected,Internettbaserte tjenester
452486673, Produsere innhold,Undirected,Internettbaserte tjenester
452486673, WordPress,Undirected,Internettbaserte tjenester
452427126,Bash (operativsystem),Undirected,IT
452427126, CI/CD (Continuous Integration and Continuous Delivery),Undirected,IT
452427126, CUDA (Compute Unified Device Architecture),Undirected,IT
452427126, Docker,Undirected,IT
452427126, Felling,Undirected,IT
452427126, Overvåkning og loggverktøy,Undirected,IT
452427126, Prometheus,Undirected,IT
452427126, Systemoptimering,Undirected,IT
452423846,Docker,Undirected,IT
452423846, Felling,Undirected,IT
452423846, K8s,Undirected,IT
452423846, Maskinlæring,Undirected,IT
452423846, MLOps,Undirected,IT
452423846, Python (dataprogrammering),Undirected,IT
452423846, PyTorch,Undirected,IT
452356157,Cybersikkerhet,Undirected,IT
452356157, Datasenter,Undirected,IT
452356157, Due Diligence analyse,Undirected,IT
452356157, Go-to-market strategi,Undirected,IT
451915731,Axapta,Undirected,innsikt og lokal ekspertise.
451915731, Controlling,Undirected,innsikt og lokal ekspertise.
451915731, ERP-systemer,Undirected,innsikt og lokal ekspertise.
451915731, IFS ERP,Undirected,innsikt og lokal ekspertise.
451915731, Kontinuerlig forbedringsarbeid,Undirected,innsikt og lokal ekspertise.
451915731, Kunstig intelligens,Undirected,innsikt og lokal ekspertise.
451915731, Prosjekteringsledelse,Undirected,innsikt og lokal ekspertise.
451915556,Analysere data,Undirected,innsikt og lokal ekspertise.
451915556, Business-planlegging,Undirected,innsikt og lokal ekspertise.
451915556, Controlling,Undirected,innsikt og lokal ekspertise.
451915556, Finansforvaltning,Undirected,innsikt og lokal ekspertise.
451915556, Kostnadskontroll (Financial controlling),Undirected,innsikt og lokal ekspertise.
451915556, Likviditetsstyring,Undirected,innsikt og lokal ekspertise.
451915556, Økonomistyring,Undirected,innsikt og lokal ekspertise.
451915556, Risikostyring,Undirected,innsikt og lokal ekspertise.
451795717,Account Management,Undirected,IT - programvare
451795717, Flåtestyring,Undirected,IT - programvare
451795717, Regulatory compliance,Undirected,IT - programvare
451795717, Tolke data,Undirected,IT - programvare
451646040,Annonsering i sosiale medier,Undirected,Butikk og varehandel
451646040, Datadrevet markedsføring,Undirected,Butikk og varehandel
451646040, Digital annonsering,Undirected,Butikk og varehandel
451646040, Google Analytics,Undirected,Butikk og varehandel
451646040, Performance marketing,Undirected,Butikk og varehandel
451646040, Resultatanalyse,Undirected,Butikk og varehandel
451639945,Digital informasjonsinnhenting,Undirected,Forskning
451639945, Explainable AI,Undirected,Forskning
451639945, Forskning,Undirected,Forskning
451639945, Informatikk,Undirected,Forskning
451639945, Natural Language Processing (NLP),Undirected,Forskning
451639945, Store språkmodeller,Undirected,Forskning
451639945, Vitenskapelig forskning,Undirected,Forskning
451375006,Administrere data,Undirected,Bygg og anlegg
451375006, Digitalisering,Undirected,Bygg og anlegg
451375006, Vann- og avløpsanlegg,Undirected,Bygg og anlegg
451495647,Installasjon,Undirected,Industri og produksjon
451495647, Løse praktiske,Undirected,Industri og produksjon
451495647, operasjonelle problemer i industrielle prosesser,Undirected,Industri og produksjon
451495647, Sensorer,Undirected,Industri og produksjon
451495647, Support / brukerstøtte,Undirected,Industri og produksjon
451495647, Utføre feltarbeid,Undirected,Industri og produksjon
450555901,Informatikk,Undirected,Elektronikk
450555901, Moderne software-utvikling,Undirected,Elektronikk
450555901, Python (dataprogrammering),Undirected,Elektronikk
450555901, Robotikk,Undirected,Elektronikk
451379577,Analysere data,Undirected,IT
451379577, Bedriftsøkonomi,Undirected,IT
451379577, Digitalisering,Undirected,IT
451369906,Kunstig intelligens,Undirected,Bank
451369906, Migrering av prosjektledelse,Undirected,Bank
451369906, Regulatory compliance,Undirected,Bank
451369906, Strategisk prosjektledelse,Undirected,Bank
451365902,Analysere data,Undirected,Bank
451365902, Bank- og finansielle tjenester,Undirected,Bank
451365902, Data Engineering,Undirected,Bank
451365902, Forskrifter,Undirected,Bank
451365902, Kunstig intelligens,Undirected,Bank
451365902, Risikostyring,Undirected,Bank
451365902, Teknologiledelse,Undirected,Bank
451335272,C# (Programmeringsspråk),Undirected,IT
451335272, SQL Script,Undirected,IT
451335272, Support / brukerstøtte,Undirected,IT
451335272, Teknisk IT kompetanse,Undirected,IT
451310017,Amazon Web Services (AWS),Undirected,Internettbaserte tjenester
451310017, Application Programming Interfaces (APIs),Undirected,Internettbaserte tjenester
451310017, C# (Programmeringsspråk),Undirected,Internettbaserte tjenester
451310017, Golang,Undirected,Internettbaserte tjenester
451310017, REST (API),Undirected,Internettbaserte tjenester
450725303,Azure AD,Undirected,Telekommunikasjon
450725303, CI/CD (Continuous Integration and Continuous Delivery),Undirected,Telekommunikasjon
450725303, Dataprogrammering,Undirected,Telekommunikasjon
450725303, Go,Undirected,Telekommunikasjon
450725303, Infrastructure as code (IaC),Undirected,Telekommunikasjon
450725303, K8s,Undirected,Telekommunikasjon
450725303, Kjennskap til skyplattformer,Undirected,Telekommunikasjon
450725303, Programmeringsspråk,Undirected,Telekommunikasjon
450641304,Airflow,Undirected,IT
450641304, Azure AD,Undirected,IT
450641304, CI/CD (Continuous Integration and Continuous Delivery),Undirected,IT
450641304, Data Modeling,Undirected,IT
450641304, Dataintegrasjonsprosesser,Undirected,IT
450641304, DevOps,Undirected,IT
450641304, Python (dataprogrammering),Undirected,IT
450464980,Apache Kafka,Undirected,IT
450464980, Apache Spark,Undirected,IT
450464980, Azure AD,Undirected,IT
450464980, Data Engineering,Undirected,IT
450464980, Data Modeling,Undirected,IT
450464980, NoSQL,Undirected,IT
450464980, SQL,Undirected,IT
450464980, Streamingteknologi,Undirected,IT
450307684,Administrere ressurser,Undirected,Internettbaserte tjenester
450307684, Digitalisering,Undirected,Internettbaserte tjenester
450307684, ICT Security,Undirected,Internettbaserte tjenester
450307684, IKT-støtte,Undirected,Internettbaserte tjenester
450307684, Prosjektledelse,Undirected,Internettbaserte tjenester
450250575,C# (Programmeringsspråk),Undirected,IT
450250575, Java (Programmeringsspråk),Undirected,IT
449499733,Computer vision,Undirected,IT
449499733, CUDA (Compute Unified Device Architecture),Undirected,IT
449499733, Deep Learning,Undirected,IT
449499733, Maskinlæring,Undirected,IT
449499733, Python Scripting,Undirected,IT
449628522,Kvalitetssikring,Undirected,IT - programvare
449628522, Kvalitetsstyring,Undirected,IT - programvare
449628522, Prosjekteringsledelse,Undirected,IT - programvare
449628522, Prosjektleveranse,Undirected,IT - programvare
449628522, Risikovurdering (forsikring),Undirected,IT - programvare
449628522, Strategirådgivning,Undirected,IT - programvare
449697339,Byggeteknikk,Undirected,IT
449697339, Ingeniørkunst,Undirected,IT
449697339, Innholds- og omfangsledelse,Undirected,IT
449697339, Support / brukerstøtte,Undirected,IT
449697339, Teknisk dokumentasjon,Undirected,IT
417771566,Bransjekunnskap innen varme,Undirected,kunnskap innen varme
417771566, ventilasjon,Undirected,kunnskap innen varme
417771566, air condition og byggteknologi,Undirected,kunnskap innen varme
417771566, Kuldeteknikk,Undirected,kunnskap innen varme
417771566, Mekanisk feilsøking /vedlikehold,Undirected,kunnskap innen varme
417771566, Norsk,Undirected,kunnskap innen varme
417771566, Pumper,Undirected,kunnskap innen varme
417771566, Reparasjon,Undirected,kunnskap innen varme
417771566, Systemoptimering,Undirected,kunnskap innen varme
417771566, Vedlikehold av industrimaskiner,Undirected,kunnskap innen varme
394519972,Elektriske høyspenningsinstallasjoner,Undirected,Drift og vedlikeholdstjenester
394519972, Elektroindustri (bransje),Undirected,Drift og vedlikeholdstjenester
394519972, Forskrifter,Undirected,Drift og vedlikeholdstjenester
394519972, FSE Lav- og Høyspenning,Undirected,Drift og vedlikeholdstjenester
394519972, Servicearbeid,Undirected,Drift og vedlikeholdstjenester
394519972, Sikkerhetsregler,Undirected,Drift og vedlikeholdstjenester
449325828,Bokføring,Undirected,Helse og omsorg
449325828, ERP-systemer,Undirected,Helse og omsorg
449325828, Finansiell rapportering,Undirected,Helse og omsorg
449325828, Finansiell revisjon,Undirected,Helse og omsorg
449325828, Internkontroll,Undirected,Helse og omsorg
449325828, Internprising,Undirected,Helse og omsorg
449325828, Konsolidert finansregnskap,Undirected,Helse og omsorg
449325828, Rapportering,Undirected,Helse og omsorg
442174135,E-Commerce og Digital Markedsføring,Undirected,Internettbaserte tjenester
454089141,Brukbarhetstesting,Undirected,HR
454089141, Brukerforskning,Undirected,HR
454089141, Brukeropplevelse,Undirected,HR
454089141, Interaksjonsdesign,Undirected,HR
454089141, Interativ designmetode,Undirected,HR
454089141, Norsk,Undirected,HR
454089141, Produktdesign,Undirected,HR
454070770,Analysere data,Undirected,Kraft og energi
454070770, Leting og produksjon av olje,Undirected,Kraft og energi
454070770, Miljøkonsekvensanalyse,Undirected,Kraft og energi
454070770, Norsk,Undirected,Kraft og energi
454070770, Prosessteknikk,Undirected,Kraft og energi
453727614,Active Directory (IT-nettverk),Undirected,Farmasi og legemiddel
453727614, Disaster Recovery (IKT),Undirected,Farmasi og legemiddel
453727614, IT Infrastructure Management,Undirected,Farmasi og legemiddel
453727614, Microsoft Active Directory (AD),Undirected,Farmasi og legemiddel
453727614, Operating System (ICT),Undirected,Farmasi og legemiddel
453727614, ServiceNow,Undirected,Farmasi og legemiddel
453727614, Tidsplanlegging,Undirected,Farmasi og legemiddel
453727614, prosjekt,Undirected,Farmasi og legemiddel
453727614, VMware ESX,Undirected,Farmasi og legemiddel
452975697,Atlassian JIRA,Undirected,Bank
452975697, Kjennskap til skyplattformer,Undirected,Bank
452975697, Kunnskap om relevante lover og forskrifter,Undirected,Bank
452975697, Produkteier,Undirected,Bank
452975697, Produktkø (Product backlog),Undirected,Bank
452975697, Risikostyring,Undirected,Bank
452819595,Backend webutvikling,Undirected,Butikk og varehandel
452819595, Data Modeling,Undirected,Butikk og varehandel
452819595, Forbedre datakvalitet,Undirected,Butikk og varehandel
452819595, Programvareintegrasjon,Undirected,Butikk og varehandel
452819595, Python (dataprogrammering),Undirected,Butikk og varehandel
452819595, Software Engineering,Undirected,Butikk og varehandel
452400981,Behandle data,Undirected,IT
452400981, Databaseadministrasjon,Undirected,IT
452400981, Fullstack utvikler,Undirected,IT
452400981, Moderne software-utvikling,Undirected,IT
452400981, Programmeringsspråk,Undirected,IT
452400981, Regresjonsanalyse,Undirected,IT
452400981, Statistikk,Undirected,IT
452355966,Analysere data,Undirected,Industri og produksjon
452355966, Ingeniørarbeid,Undirected,Industri og produksjon
452355966, Ingeniørkunst,Undirected,Industri og produksjon
452355966, Power BI,Undirected,Industri og produksjon
452355966, Python (dataprogrammering),Undirected,Industri og produksjon
452355966, SQL,Undirected,Industri og produksjon
451659594,Dataintegrasjonsprosesser,Undirected,IT
451659594, Development of data pipelines,Undirected,IT
451659594, Go,Undirected,IT
451659594, SQL,Undirected,IT
449813164,Azure AD,Undirected,Helse og omsorg
449813164, C#.NET,Undirected,Helse og omsorg
449813164, DevOps,Undirected,Helse og omsorg
449813164, Fullstack utvikler,Undirected,Helse og omsorg
449813164, K8s,Undirected,Helse og omsorg
449813164, PostgreSQL,Undirected,Helse og omsorg
449813164, React.js,Undirected,Helse og omsorg
454947461,Microsoft 365,Undirected,Kraft og energi
454947461, Microsoft 365 SharePoint,Undirected,Kraft og energi
454947461, Microsoft Teams,Undirected,Kraft og energi
454947461, Microsoft Windows,Undirected,Kraft og energi
454947461, Mobile Devices,Undirected,Kraft og energi
454947461, Nettverksinfrastruktur,Undirected,Kraft og energi
454947461, Operating System (ICT),Undirected,Kraft og energi
454947461, User support,Undirected,Kraft og energi
454757266,Bioingeniørfaglig kompetanse,Undirected,Forskning
454757266, Cellekultivering,Undirected,Forskning
454757266, Flowcytometri,Undirected,Forskning
454757266, Genteknologi,Undirected,Forskning
454757266, GMP (Good Manufacturing Practice),Undirected,Forskning
454757266, Molekylærbiologi,Undirected,Forskning
454757266, Vitenskapelig forskning,Undirected,Forskning
454732952,Automatisering,Undirected,Konsulent og rådgivning
454732952, General Data Protection Regulation (GDPR),Undirected,Konsulent og rådgivning
454732952, Gjennomføre kvalitative undersøkelser,Undirected,Konsulent og rådgivning
454732952, KPI-rapporter,Undirected,Konsulent og rådgivning
454732952, Qualtrics,Undirected,Konsulent og rådgivning
454732952, Rapportering,Undirected,Konsulent og rådgivning
454732952, Tilbakemelding fra kunde,Undirected,Konsulent og rådgivning
454732952, ledelse,Undirected,Konsulent og rådgivning
454064299,Behersker root cause analysis,Undirected,IT
454064299, Kybernetikk,Undirected,IT
454064299, Matematisk modellering,Undirected,IT
454064299, MATLAB,Undirected,IT
454064299, Python (dataprogrammering),Undirected,IT
454064299, Robotikk,Undirected,IT
453902603,Digital markedsføring,Undirected,Farmasi og legemiddel
452949527,Cybersikkerhet,Undirected,Forsvar og militær
452949527, Disaster Recovery (IKT),Undirected,Forsvar og militær
452949527, IKT-infrastruktur,Undirected,Forsvar og militær
452949527, IT Infrastructure Management,Undirected,Forsvar og militær
452949527, IT-operasjoner,Undirected,Forsvar og militær
452949527, Systemadministrasjon,Undirected,Forsvar og militær
452949527, User support,Undirected,Forsvar og militær
452838356,Dyreproduksjonsvitenskap,Undirected,Forskning
452838356, Hold av melkekyr,Undirected,Forskning
452838356, Modellering og simulering,Undirected,Forskning
452838356, Statistiske- og dataanalysemetoder,Undirected,Forskning
452694619,Azure AD,Undirected,Fiskeri og oppdrett
452694619, Database,Undirected,Fiskeri og oppdrett
452694619, Microservices,Undirected,Fiskeri og oppdrett
452694619, PostgreSQL,Undirected,Fiskeri og oppdrett
452694619, Rust (Programming Language),Undirected,Fiskeri og oppdrett
452580084,Automatisering,Undirected,Kraft og energi
452580084, Detalj prosjektering/ engineering elektro,Undirected,Kraft og energi
452580084, Ingeniørarbeid,Undirected,Kraft og energi
452580084, Materialteknologi,Undirected,Kraft og energi
452580084, Tekniske egenskaper,Undirected,Kraft og energi
452537341,Behandle data,Undirected,Forskning
452537341, Datainnsamling og analyse,Undirected,Forskning
452537341, Dyreforsøk,Undirected,Forskning
452537341, Publisere akademisk forskning,Undirected,Forskning
452537341, Røkting,Undirected,Forskning
452390787,Økologi,Undirected,Forskning
452390787, Oseanografi,Undirected,Forskning
452390787, R,Undirected,Forskning
452390787, Statistikk,Undirected,Forskning
451785536,Datainnsamling og analyse,Undirected,Industri og produksjon
451785536, Formell og systematisk dokumentasjon,Undirected,Industri og produksjon
451785536, Ingeniørarbeid,Undirected,Industri og produksjon
451785536, Kvalitetssikring,Undirected,Industri og produksjon
451785536, Rør- og instrumenteringsdiagrammer,Undirected,Industri og produksjon
451785536, Simulering,Undirected,Industri og produksjon
451785536, Utvikle brukergrensesnitt,Undirected,Industri og produksjon
451785536, Utvikling av digitale verktøy,Undirected,Industri og produksjon
451320105,Gjennomføre kvalitative undersøkelser,Undirected,Forskning
451320105, Gjennomføring av studier,Undirected,Forskning
451320105, undersøkelser og eksamener,Undirected,Forskning
451320105, Litteratursøk,Undirected,Forskning
451320105, Nordisk spåk,Undirected,Forskning
451320105, Politikkstudier,Undirected,Forskning
450909383,Biologi,Undirected,Dyr og dyrehelse
450909383, Epidemiologi,Undirected,Dyr og dyrehelse
450909383, Gårdsarbeid,Undirected,Dyr og dyrehelse
450909383, Økologi,Undirected,Dyr og dyrehelse
450909383, Utforme spørreskjemaer,Undirected,Dyr og dyrehelse
449780082,C++ (Programming language),Undirected,Elektronikk
449780082, Digital signalbehandling,Undirected,Elektronikk
449780082, Embedded Linux,Undirected,Elektronikk
449780082, Nettverkskonsepter,Undirected,Elektronikk
450277428,Algoritmer,Undirected,Bank
450277428, Behandling av IKT-feil,Undirected,Bank
450277428, CI/CD (Continuous Integration and Continuous Delivery),Undirected,Bank
450277428, Data struktur,Undirected,Bank
450277428, IT Infrastructure Library (ITIL),Undirected,Bank
450277428, Jenkins (Software),Undirected,Bank
450277428, Nettverkskonsepter,Undirected,Bank
450277428, Programvaredesign,Undirected,Bank
449499297,C++ (Programming language),Undirected,IT
449499297, CI/CD (Continuous Integration and Continuous Delivery),Undirected,IT
449499297, Computer vision,Undirected,IT
449499297, CUDA (Compute Unified Device Architecture),Undirected,IT
449499297, Database,Undirected,IT
449499297, Deep Learning,Undirected,IT
449499297, Multi threaded programming,Undirected,IT
449499297, SQLite,Undirected,IT
449643177,Epidemiologi,Undirected,Forskning
449643177, Økologi,Undirected,Forskning
449643177, Polymerasekjedereaksjon (PKR),Undirected,Forskning
449643177, R,Undirected,Forskning
449643177, Veterinærmedisin,Undirected,Forskning
449643177, Virologi,Undirected,Forskning
449510201,Dansk,Undirected,Matvareproduksjon og -industri
449510201, Ingeniørarbeid,Undirected,Matvareproduksjon og -industri
449510201, Kvalitetsprosess,Undirected,Matvareproduksjon og -industri
453720277,Analysere data,Undirected,Fiskeri og oppdrett
453720277, Budsjettarbeid,Undirected,Fiskeri og oppdrett
453720277, ERP-systemer,Undirected,Fiskeri og oppdrett
453720277, Produktanalyse,Undirected,Fiskeri og oppdrett
453720277, Rapportering,Undirected,Fiskeri og oppdrett
453720277, Rapporteringsverktøy,Undirected,Fiskeri og oppdrett
453720277, SQL,Undirected,Fiskeri og oppdrett
453720277, Visma Business,Undirected,Fiskeri og oppdrett
450440174,Administrative ferdigheter,Undirected,Ideelle organisasjoner
450440174, Analysere data,Undirected,Ideelle organisasjoner
450440174, Budsjettarbeid,Undirected,Ideelle organisasjoner
450440174, Forretningsutvikling,Undirected,Ideelle organisasjoner
450440174, Fundraising,Undirected,Ideelle organisasjoner
450440174, Power BI,Undirected,Ideelle organisasjoner
450440174, Prosjektøkonomi,Undirected,Ideelle organisasjoner
450440174, Rapportering,Undirected,Ideelle organisasjoner
450243933,Analysere data,Undirected,Konsulent og rådgivning
450243933, Bygge datadashboard,Undirected,Konsulent og rådgivning
450243933, kvalitetssikring av data,Undirected,Konsulent og rådgivning
450243933, Logistikk,Undirected,Konsulent og rådgivning
450243933, Microsoft Excel,Undirected,Konsulent og rådgivning
450243933, Power BI,Undirected,Konsulent og rådgivning
450243933, QlikView,Undirected,Konsulent og rådgivning
450243933, Utføre lønnsomhetsanalyse,Undirected,Konsulent og rådgivning
452691465,Analysere data,Undirected,Forskning
452691465, Clustering algorithms,Undirected,Forskning
452691465, Dataanalyseverktøy,Undirected,Forskning
452691465, Forskningsmetoder,Undirected,Forskning
452691465, Gjennomføre helserelatert forskning,Undirected,Forskning
452691465, Maskinlæring,Undirected,Forskning
452691465, Principal Component Analysis (PCA),Undirected,Forskning
452691465, Statistikk,Undirected,Forskning
452541434,Analysere data,Undirected,Forskning
452541434, Bred klinisk erfaring,Undirected,Forskning
452541434, Gjennomføre kvalitative undersøkelser,Undirected,Forskning
452541434, Maskinlæring,Undirected,Forskning
452541434, Vitenskapelig forskning,Undirected,Forskning
